{
    "a230" : 0.0168,
    "a260" : 0.005580000000000001,
    "a260_a230" : 0.3321428571428571,
    "a260_a230_bc_0" : 0.3321428571428571,
    "a260_a230_bc_1" : 0.4162330905306972,
    "a260_a280" : 1.622093023255814,
    "a260_a280_bc_0" : 1.622093023255814,
    "a260_a280_bc_1" : 1.36518771331058,
    "a280" : 0.00344,
    "a320" : -0.00242,
    "amax" : 0.0345,
    "amin" : -0.01034,
    "bc" : false,
    "c" : 0.279,
    "c_bc_0" : 0.279,
    "c_bc_1" : 0.4000000000000001,
    "c_ngul_bc_0" : 0.279,
    "c_ngul_bc_1" : 0.4000000000000001,
    "c_ugml_bc_0" : 0.279,
    "c_ugml_bc_1" : 0.4000000000000001,
    "c_ugul_bc_0" : 0.000279,
    "c_ugul_bc_1" : 0.0004000000000000001,
    "created" : "20140918T133017",
    "description" : "",
    "df" : 1.0,
    "key" : "20140615T164954",
    "label" : "Sample24",
    "lf" : 10.0,
    "md" : false,
    "method" : "NucleicAcid",
    "n" : 25,
    "naf" : 50.0,
    "r" : 1.622093023255814,
    "r_bc_0" : 1.622093023255814,
    "r_bc_1" : 1.36518771331058,
    "reference" : false,
    "saved" : true,
    "u" : "ugml",
    "vd" : 0.0,
    "vdf" : 10.0,
    "vs" : 1.0
}