{
    "a230" : 0.166402,
    "a260" : 0.357095,
    "a260_a230" : 2.184840984402273,
    "a260_a230_bc_0" : 2.145977812766673,
    "a260_a230_bc_1" : 2.184840984402273,
    "a260_a280" : 1.656336970925204,
    "a260_a280_bc_0" : 1.639885927368247,
    "a260_a280_bc_1" : 1.656336970925204,
    "a280" : 0.217756,
    "a320" : 0.00545804,
    "ad_1" : 0.0341244,
    "amax" : 0.6479466970000001,
    "amin" : -0.0157074,
    "bc" : true,
    "c" : 11.60401968,
    "c_1_bc_0" : 11.525130804,
    "c_1_bc_1" : 11.3864420076,
    "c_1_ngul_bc_0" : 11.525130804,
    "c_1_ngul_bc_1" : 11.3864420076,
    "c_1_ugml_bc_0" : 11.525130804,
    "c_1_ugml_bc_1" : 11.3864420076,
    "c_1_ugul_bc_0" : 0.011525130804,
    "c_1_ugul_bc_1" : 0.0113864420076,
    "c_bc_0" : 11.784135,
    "c_bc_1" : 11.60401968,
    "c_ngul_bc_0" : 11.784135,
    "c_ngul_bc_1" : 11.60401968,
    "c_ugml_bc_0" : 11.784135,
    "c_ugml_bc_1" : 11.60401968,
    "c_ugul_bc_0" : 0.011784135,
    "c_ugul_bc_1" : 0.01160401968,
    "cd_1" : 20.0,
    "cd_1_bc_0" : 4.014635294117647e-07,
    "cd_1_bc_1" : 3.37251294117647e-07,
    "cd_1_mm_bc_0" : 4.014635294117647e-07,
    "cd_1_mm_bc_1" : 3.37251294117647e-07,
    "cd_1_pmolul_bc_0" : 4.014635294117647e-07,
    "cd_1_pmolul_bc_1" : 3.37251294117647e-07,
    "cd_1_um_bc_0" : 4.014635294117647e-07,
    "cd_1_um_bc_1" : 3.37251294117647e-07,
    "created" : "20140918T133014",
    "d_1" : "TexasRed",
    "dc" : false,
    "description" : "",
    "df" : 1.0,
    "du" : "pmolul",
    "foid_1" : 0.9431046133935587,
    "foid_1_dc_0_bc_0" : 1.10551105612858,
    "foid_1_dc_0_bc_1" : 0.9431046133935587,
    "foid_1_dc_1_bc_0" : 1.130355199516724,
    "foid_1_dc_1_bc_1" : 0.9611259150850713,
    "key" : "20140615T162747",
    "label" : "1670_Oligo-TexasRed OLIGODYE_LABELGUARD-APP 2009-08-05 11-03-04",
    "lf" : 50.0,
    "md" : false,
    "method" : "OligoLabel",
    "n" : 4,
    "naf" : 33.0,
    "r" : 1.656336970925204,
    "r_bc_0" : 1.639885927368247,
    "r_bc_1" : 1.656336970925204,
    "reference" : false,
    "saved" : true,
    "u" : "ngul",
    "vd" : 0.0,
    "vdf" : 50.0,
    "vs" : 1.0,
    "wd_1" : 593.0
}