{
	"key":"20130616T1245071",
	"label":"Cubic Spline",
	"absorbance1":0,
	"absorbance10":0,
	"absorbance11":0,
	"absorbance12":0,
	"absorbance13":0,
	"absorbance14":0,
	"absorbance15":0,
	"absorbance16":0,
	"absorbance17":0,
	"absorbance18":0,
	"absorbance19":0,
	"absorbance2":0.07671677220844891,
	"absorbance20":0,
	"absorbance3":0.2110980735648608,
	"absorbance4":0.565054166329373,
	"absorbance5":0.9596081727469168,
	"absorbance6":1.527527526227761,
	"absorbance7":0,
	"absorbance8":0,
	"absorbance9":0,
	"amax":1.527527526227761,
	"amin":0,
	"cmax":21,
	"concentration1":0,
	"concentration2":1,
	"concentration3":3,
	"concentration4":8,
	"concentration5":13,
	"concentration6":21,
	"curve_fit":"cubicspline",
	"id":"ext-record-4849",
	"ignore1_1":false,
	"ignore1_2":false,
	"ignore1_3":false,
	"ignore2_1":false,
	"ignore2_2":false,
	"ignore2_3":false,
	"ignore3_1":false,
	"ignore3_2":false,
	"ignore3_3":false,
	"ignore4_1":false,
	"ignore4_2":false,
	"ignore4_3":false,
	"ignore5_1":false,
	"ignore5_2":false,
	"ignore5_3":false,
	"ignore6_1":false,
	"ignore6_2":false,
	"ignore6_3":false,
	"number":2,
	"p1":2.46538757274782e-321,
	"p2":0,
	"p3":0.0005380925386936769,
	"p4":0.002814022341293459,
	"p5":-0.002050682627139892,
	"p6":-0.00103470699890617,
	"reference":false,
	"replicates":0,
	"standards":"new",
	"units":"ugul",
	"wavelength":320,
	"description":"",
	"method":"CreateStandardCurve",
	"created":"20130616T124532",
	"lidfactor":10.0
}