{
    "a230" : 0.216,
    "a260" : 0.579,
    "a260_a230" : 2.72,
    "a260_a230_bc_0" : 2.67969375616214,
    "a260_a230_bc_1" : 2.715989941524805,
    "a260_a280" : 1.986,
    "a260_a280_bc_0" : 1.97293705078265,
    "a260_a280_bc_1" : 1.988328360176565,
    "a280" : 0.294,
    "a320" : 0.005,
    "amax" : 0.9234430450000001,
    "amin" : -0.0162512,
    "bc" : 1,
    "c" : 23.0,
    "c_bc_0" : 23.15652,
    "c_bc_1" : 22.9737376,
    "c_ngul_bc_0" : 23.15652,
    "c_ngul_bc_1" : 22.9737376,
    "c_ugml_bc_0" : 23.15652,
    "c_ugml_bc_1" : 22.9737376,
    "c_ugul_bc_0" : 0.02315652000000002,
    "c_ugul_bc_1" : 0.02297373760000002,
    "category" : "",
    "created" : "20140918T133015",
    "description" : "",
    "df" : 1.0,
    "key" : "20140615T162242",
    "label" : "1645_RNA RNA-APP 2009-08-04 18-34-14",
    "lf" : 10.0,
    "md" : false,
    "method" : "RNA",
    "n" : 3,
    "naf" : 40,
    "r" : 1.988328360176565,
    "r_bc_0" : 1.97293705078265,
    "r_bc_1" : 1.988328360176565,
    "reference" : false,
    "saved" : true,
    "u" : "ngul",
    "vd" : 0.0,
    "vdf" : 10.0,
    "vs" : 1.0
}