{
    "a230" : 0.037,
    "a260" : 0.02,
    "a260_a230" : 0.5,
    "a260_a230_bc_0" : 0.5370320495556165,
    "a260_a230_bc_1" : 0.495302407516149,
    "a260_a280" : 1.417,
    "a260_a280_bc_0" : 1.359236537150649,
    "a260_a280_bc_1" : 1.454310344827587,
    "a280" : 0.015,
    "a320" : 0.003,
    "amax" : 0.09283000000000001,
    "amin" : -0.00434,
    "bc" : false,
    "c" : 5.588,
    "c_bc_0" : 0.9970000000000016,
    "c_bc_1" : 0.8435000000000016,
    "c_ngul_bc_0" : 0.9970000000000016,
    "c_ngul_bc_1" : 0.8435000000000016,
    "c_ugml_bc_0" : 0.9970000000000016,
    "c_ugml_bc_1" : 0.8435000000000016,
    "c_ugul_bc_0" : 0.0009970000000000018,
    "c_ugul_bc_1" : 0.0008435000000000018,
    "category" : "",
    "created" : "20140918T133015",
    "description" : "",
    "df" : 1.0,
    "key" : "20140615T163531",
    "label" : "Sample10",
    "lf" : 10.0,
    "md" : false,
    "method" : "ssDNA",
    "n" : 11,
    "naf" : 50.0,
    "r" : 1.359236537150649,
    "r_bc_0" : 1.359236537150649,
    "r_bc_1" : 1.454310344827587,
    "reference" : false,
    "saved" : false,
    "u" : "ugml",
    "vd" : 0.0,
    "vdf" : 10.0,
    "vs" : 1.0
}