{
    "a230" : 0.01297000000000001,
    "a260" : 0.003410000000000002,
    "a260_a230" : 0.286,
    "a260_a230_bc_0" : 0.262914417887433,
    "a260_a230_bc_1" : 0.3370319001386969,
    "a260_a280" : 1,
    "a260_a280_bc_0" : 1.301526717557252,
    "a260_a280_bc_1" : 1.194103194103194,
    "a280" : 0.002620000000000002,
    "a320" : -0.001450000000000001,
    "a_1" : 0.013,
    "a_2" : 0.003,
    "a_3" : 0.003,
    "a_4" : -0.001,
    "amax" : 0.04626,
    "amin" : -0.004260000000000001,
    "bc" : false,
    "c" : "---",
    "c_bc_0" : 0.0,
    "c_bc_1" : 0.0,
    "c_ugml_bc_0" : 0.0,
    "c_ugml_bc_1" : 0.0,
    "category" : "",
    "created" : "20140918T133017",
    "description" : "",
    "df" : 1.0,
    "key" : "20140615T163743",
    "label" : "Sample12",
    "lf" : 10.0,
    "md" : false,
    "method" : "Wavescan",
    "n" : 13,
    "r" : 1.301526717557252,
    "r_bc_0" : 1.301526717557252,
    "r_bc_1" : 1.194103194103194,
    "reference" : false,
    "saved" : false,
    "u" : "ugml",
    "vd" : 0.0,
    "vdf" : 10.0,
    "vs" : 1.0,
    "w_1" : 230,
    "w_2" : 260,
    "w_3" : 280,
    "w_4" : 320,
    "wavescan_mode" : "Absorbance"
}