{
    "a230" : 0.166,
    "a260" : 0.357,
    "a260_a230" : 2.151,
    "a260_a230_bc_0" : 2.145977812766673,
    "a260_a230_bc_1" : 2.184840984402273,
    "a260_a280" : 1.638,
    "a260_a280_bc_0" : 1.639885927368248,
    "a260_a280_bc_1" : 1.656336970925205,
    "a280" : 0.218,
    "a320" : 0.005,
    "ad_1" : 0.034,
    "amax" : 0.6479466970000001,
    "amin" : -0.0157074,
    "bc" : 1,
    "c" : 576,
    "c_1_bc_0" : 11.525130804,
    "c_1_bc_1" : 11.3864420076,
    "c_1_ngul_bc_0" : 11.525130804,
    "c_1_ngul_bc_1" : 11.3864420076,
    "c_1_ugml_bc_0" : 11.525130804,
    "c_1_ugml_bc_1" : 11.3864420076,
    "c_1_ugul_bc_0" : 0.01152513080400002,
    "c_1_ugul_bc_1" : 0.01138644200760002,
    "c_bc_0" : 11.784135,
    "c_bc_1" : 11.60401968,
    "c_ngul_bc_0" : 11.784135,
    "c_ngul_bc_1" : 11.60401968,
    "c_ugml_bc_0" : 11.784135,
    "c_ugml_bc_1" : 11.60401968,
    "c_ugul_bc_0" : 0.01178413500000001,
    "c_ugul_bc_1" : 0.01160401968000001,
    "category" : "",
    "cd_1" : 20.0,
    "cd_1_bc_0" : 4.01463529411765e-07,
    "cd_1_bc_1" : 3.372512941176473e-07,
    "cd_1_mm_bc_0" : 4.01463529411765e-07,
    "cd_1_mm_bc_1" : 3.372512941176473e-07,
    "cd_1_pmolul_bc_0" : 4.01463529411765e-07,
    "cd_1_pmolul_bc_1" : 3.372512941176473e-07,
    "cd_1_um_bc_0" : 4.01463529411765e-07,
    "cd_1_um_bc_1" : 3.372512941176473e-07,
    "created" : "20140918T133014",
    "d_1" : "TexasRed",
    "dc" : false,
    "description" : "",
    "df" : 1.0,
    "du" : "pmolul",
    "foid_1" : 11.3,
    "foid_1_dc_0_bc_0" : 1.10551105612858,
    "foid_1_dc_0_bc_1" : 0.9431046133935603,
    "foid_1_dc_1_bc_0" : 1.130355199516724,
    "foid_1_dc_1_bc_1" : 0.9611259150850728,
    "key" : "20140615T162747",
    "label" : "1670_Oligo-TexasRed OLIGODYE_LABELGUARD-APP 2009-08-05 11-03-04",
    "lf" : 50.0,
    "md" : false,
    "method" : "OligoLabel",
    "n" : 4,
    "naf" : 33,
    "r" : 1.656336970925205,
    "r_bc_0" : 1.639885927368248,
    "r_bc_1" : 1.656336970925205,
    "reference" : false,
    "saved" : true,
    "u" : "ngul",
    "vd" : 0.0,
    "vdf" : 50.0,
    "vs" : 1.0,
    "wd_1" : 593.0
}