{
    "a230" : 0.3478000000000002,
    "a260" : 0.7623400000000005,
    "a260_a230" : 2.218,
    "a260_a230_bc_0" : 2.191891891891892,
    "a260_a230_bc_1" : 2.218805127602023,
    "a260_a280" : 1.383,
    "a260_a280_bc_0" : 1.379226747236446,
    "a260_a280_bc_1" : 1.38457022291533,
    "a280" : 0.5527300000000011,
    "a320" : 0.007680000000000018,
    "a_1" : 0.347,
    "a_2" : 0.759,
    "a_3" : 0.551,
    "a_4" : 0.008,
    "amax" : 1.20669,
    "amin" : -0.00448,
    "bc" : false,
    "c" : 248,
    "c_bc_0" : 0.0,
    "c_bc_1" : 0.0,
    "c_ugml_bc_0" : 0.0,
    "c_ugml_bc_1" : 0.0,
    "category" : "",
    "created" : "20140918T133014",
    "description" : "",
    "df" : 1.0,
    "key" : "20140615T163326",
    "label" : "Sample8",
    "lf" : 10.0,
    "md" : false,
    "method" : "Wavescan",
    "n" : 9,
    "r" : 1.379226747236446,
    "r_bc_0" : 1.379226747236446,
    "r_bc_1" : 1.38457022291533,
    "reference" : false,
    "saved" : false,
    "u" : "ugml",
    "vd" : 0.0,
    "vdf" : 10.0,
    "vs" : 1.0,
    "w_1" : 230,
    "w_2" : 260,
    "w_3" : 280,
    "w_4" : 320,
    "wavescan_mode" : "Absorbance"
}