{
    "a230" : 0.017,
    "a260" : 0.006,
    "a260_a230" : 0.421,
    "a260_a230_bc_0" : 0.3321428571428577,
    "a260_a230_bc_1" : 0.4162330905306979,
    "a260_a280" : 1.6,
    "a260_a280_bc_0" : 1.622093023255815,
    "a260_a280_bc_1" : 1.365187713310581,
    "a280" : 0.003,
    "a320" : -0.002,
    "amax" : 0.0345,
    "amin" : -0.01034,
    "bc" : false,
    "c" : "---",
    "c_bc_0" : 0.2790000000000001,
    "c_bc_1" : 0.4000000000000008,
    "c_ngul_bc_0" : 0.2790000000000001,
    "c_ngul_bc_1" : 0.4000000000000008,
    "c_ugml_bc_0" : 0.2790000000000001,
    "c_ugml_bc_1" : 0.4000000000000008,
    "c_ugul_bc_0" : 0.0002790000000000002,
    "c_ugul_bc_1" : 0.0004000000000000009,
    "category" : "",
    "created" : "20140918T133017",
    "description" : "",
    "df" : 1.0,
    "key" : "20140615T164954",
    "label" : "Sample24",
    "lf" : 10.0,
    "md" : false,
    "method" : "NucleicAcid",
    "n" : 25,
    "naf" : 50.0,
    "r" : 1.622093023255815,
    "r_bc_0" : 1.622093023255815,
    "r_bc_1" : 1.365187713310581,
    "reference" : false,
    "saved" : true,
    "u" : "ugml",
    "vd" : 0.0,
    "vdf" : 10.0,
    "vs" : 1.0
}