{
    "a230" : 0.334,
    "a260" : 0.744,
    "a260_a230" : 2.256,
    "a260_a230_bc_0" : 2.231047039159503,
    "a260_a230_bc_1" : 2.255440903418258,
    "a260_a280" : 1.391,
    "a260_a280_bc_0" : 1.386371645306676,
    "a260_a280_bc_1" : 1.391093755866783,
    "a280" : 0.537,
    "a320" : 0.007,
    "ad_1" : 0.006,
    "amax" : 1.20169,
    "amin" : -0.00361,
    "bc" : false,
    "c" : 243,
    "c_1_bc_0" : 37.33537500000001,
    "c_1_bc_1" : 37.09125,
    "c_1_ngul_bc_0" : 37.33537500000001,
    "c_1_ngul_bc_1" : 37.09125,
    "c_1_ugml_bc_0" : 37.33537500000001,
    "c_1_ugml_bc_1" : 37.09125,
    "c_1_ugul_bc_0" : 0.03733537500000003,
    "c_1_ugul_bc_1" : 0.03709125000000008,
    "c_bc_0" : 37.3745,
    "c_bc_1" : 37.04900000000001,
    "c_ngul_bc_0" : 37.3745,
    "c_ngul_bc_1" : 37.04900000000001,
    "c_ugml_bc_0" : 37.3745,
    "c_ugml_bc_1" : 37.04900000000001,
    "c_ugul_bc_0" : 0.03737450000000003,
    "c_ugul_bc_1" : 0.03704900000000007,
    "category" : "",
    "cd_1" : 171,
    "cd_1_bc_0" : 1.701086956521741e-07,
    "cd_1_bc_1" : -1.836956521739133e-07,
    "cd_1_mm_bc_0" : 1.701086956521741e-07,
    "cd_1_mm_bc_1" : -1.836956521739133e-07,
    "cd_1_pmolul_bc_0" : 1.701086956521741e-07,
    "cd_1_pmolul_bc_1" : -1.836956521739133e-07,
    "cd_1_um_bc_0" : 1.701086956521741e-07,
    "cd_1_um_bc_1" : -1.836956521739133e-07,
    "created" : "20140918T133015",
    "d_1" : "AlexaFluor350",
    "dc" : true,
    "description" : "",
    "df" : 1.0,
    "du" : "pmolul",
    "foid_1" : 1.79,
    "foid_1_dc_0_bc_0" : 0.1476950106065112,
    "foid_1_dc_0_bc_1" : -0.1608929772205319,
    "foid_1_dc_1_bc_0" : 0.1478497851946861,
    "foid_1_dc_1_bc_1" : -0.1607097068188181,
    "key" : "20140615T162905",
    "label" : "Sample4",
    "lf" : 10.0,
    "md" : false,
    "method" : "dsDNALabel",
    "n" : 5,
    "naf" : 50.0,
    "r" : 1.386371645306676,
    "r_bc_0" : 1.386371645306676,
    "r_bc_1" : 1.391093755866783,
    "reference" : false,
    "saved" : false,
    "u" : "ugml",
    "vd" : 0.0,
    "vdf" : 10.0,
    "vs" : 1.0,
    "wd_1" : 345.0
}