{
    "a230" : 0.3450700000000002,
    "a260" : 0.7665300000000005,
    "a260_a230" : 2.238,
    "a260_a230_bc_0" : 2.221375373112702,
    "a260_a230_bc_1" : 2.237150321425426,
    "a260_a280" : 1.385,
    "a260_a280_bc_0" : 1.382330664358365,
    "a260_a280_bc_1" : 1.385388642478006,
    "a280" : 0.5545200000000002,
    "a320" : 0.004400000000000002,
    "a_1" : 0.344,
    "a_2" : 0.764,
    "a_3" : 0.553,
    "a_4" : 0.004,
    "amax" : 1.12465,
    "amin" : -0.007090000000000001,
    "bc" : false,
    "c" : 251,
    "c_bc_0" : 0.0,
    "c_bc_1" : 0.0,
    "c_ugml_bc_0" : 0.0,
    "c_ugml_bc_1" : 0.0,
    "category" : "",
    "created" : "20140918T133016",
    "description" : "",
    "df" : 1.0,
    "key" : "20140615T164730",
    "label" : "Sample20",
    "lf" : 10.0,
    "md" : false,
    "method" : "Wavescan",
    "n" : 21,
    "r" : 1.382330664358365,
    "r_bc_0" : 1.382330664358365,
    "r_bc_1" : 1.385388642478006,
    "reference" : false,
    "saved" : false,
    "u" : "ugml",
    "vd" : 0.0,
    "vdf" : 10.0,
    "vs" : 1.0,
    "w_1" : 230,
    "w_2" : 260,
    "w_3" : 280,
    "w_4" : 320,
    "wavescan_mode" : "Absorbance"
}