{
    "a230" : 0.348,
    "a260" : 0.766,
    "a260_a230" : 2.228,
    "a260_a230_bc_0" : 2.206142111601766,
    "a260_a230_bc_1" : 2.230020177208528,
    "a260_a280" : 1.391,
    "a260_a280_bc_0" : 1.385453432255277,
    "a260_a280_bc_1" : 1.39021055509981,
    "a280" : 0.553,
    "a320" : 0.007,
    "amax" : 1.23684,
    "amin" : -0.00446,
    "bc" : false,
    "c" : 250,
    "c_bc_0" : 38.46850000000001,
    "c_bc_1" : 38.13,
    "c_ngul_bc_0" : 38.46850000000001,
    "c_ngul_bc_1" : 38.13,
    "c_ugml_bc_0" : 38.46850000000001,
    "c_ugml_bc_1" : 38.13,
    "c_ugul_bc_0" : 0.03846850000000009,
    "c_ugul_bc_1" : 0.03813000000000002,
    "category" : "",
    "created" : "20140918T133017",
    "description" : "",
    "df" : 1.0,
    "key" : "20140615T163139",
    "label" : "1670_ProteinDyeLABELGUARD_PROTEINDYES2009-08-0312-35-49",
    "lf" : 10.0,
    "md" : false,
    "method" : "miRNA",
    "n" : 7,
    "naf" : 50.0,
    "r" : 1.385453432255277,
    "r_bc_0" : 1.385453432255277,
    "r_bc_1" : 1.39021055509981,
    "reference" : false,
    "saved" : false,
    "u" : "ugml",
    "vd" : 0.0,
    "vdf" : 10.0,
    "vs" : 1.0,
    "wavescan_mode" : "Absorbance"
}