{
    "a230" : 0.3454700000000007,
    "a260" : 0.7641800000000014,
    "a260_a230" : 2.232,
    "a260_a230_bc_0" : 2.212001042058644,
    "a260_a230_bc_1" : 2.229619405614943,
    "a260_a280" : 1.38,
    "a260_a280_bc_0" : 1.377968516147647,
    "a260_a280_bc_1" : 1.381372584694881,
    "a280" : 0.5545700000000003,
    "a320" : 0.004950000000000003,
    "a_1" : 0.344,
    "a_2" : 0.761,
    "a_3" : 0.553,
    "a_4" : 0.005,
    "amax" : 1.12465,
    "amin" : -0.007090000000000001,
    "bc" : false,
    "c" : 249,
    "c_bc_0" : 0.0,
    "c_bc_1" : 0.0,
    "c_ugml_bc_0" : 0.0,
    "c_ugml_bc_1" : 0.0,
    "category" : "",
    "created" : "20140918T133014",
    "description" : "",
    "df" : 1.0,
    "key" : "20140615T164825",
    "label" : "Sample21",
    "lf" : 10.0,
    "md" : false,
    "method" : "Wavescan",
    "n" : 22,
    "r" : 1.377968516147647,
    "r_bc_0" : 1.377968516147647,
    "r_bc_1" : 1.381372584694881,
    "reference" : false,
    "saved" : false,
    "u" : "ugml",
    "vd" : 0.0,
    "vdf" : 10.0,
    "vs" : 1.0,
    "w_1" : 230,
    "w_2" : 260,
    "w_3" : 280,
    "w_4" : 320,
    "wavescan_mode" : "Absorbance"
}