{
    "a230" : 0.346,
    "a260" : 0.76,
    "a260_a230" : 2.227,
    "a260_a230_bc_0" : 2.196850166992975,
    "a260_a230_bc_1" : 2.22431007569287,
    "a260_a280" : 1.39,
    "a260_a280_bc_0" : 1.38391917872819,
    "a260_a280_bc_1" : 1.389421396375679,
    "a280" : 0.549,
    "a320" : 0.008,
    "amax" : 1.20669,
    "amin" : -0.00448,
    "bc" : 0,
    "c" : 248,
    "c_bc_0" : 248,
    "c_bc_1" : 199,
    "c_ngul_bc_0" : 38.1505,
    "c_ngul_bc_1" : 37.761,
    "c_ugml_bc_0" : 38.1505,
    "c_ugml_bc_1" : 37.761,
    "c_ugul_bc_0" : 0.03815050000000003,
    "c_ugul_bc_1" : 0.03776100000000002,
    "category" : "",
    "created" : "20140918T133016",
    "description" : "",
    "df" : 1.0,
    "key" : "20140615T163431",
    "label" : "Sample9",
    "lf" : 10.0,
    "md" : false,
    "method" : "dsDNA",
    "n" : 10,
    "naf" : 50.0,
    "r" : 1.38391917872819,
    "r_bc_0" : 1.38391917872819,
    "r_bc_1" : 1.389421396375679,
    "reference" : false,
    "saved" : false,
    "u" : "ugml",
    "vd" : 0.0,
    "vdf" : 10.0,
    "vs" : 1.0
}