{
    "a230" : 0.3522600000000002,
    "a260" : 0.7685600000000005,
    "a260_a230" : 2.212,
    "a260_a230_bc_0" : 2.181797535910975,
    "a260_a230_bc_1" : 2.207541696881798,
    "a260_a280" : 1.384,
    "a260_a280_bc_0" : 1.378088578088579,
    "a260_a280_bc_1" : 1.383249422926626,
    "a280" : 0.5577000000000003,
    "a320" : 0.007510000000000005,
    "a_1" : 0.351,
    "a_2" : 0.766,
    "a_3" : 0.556,
    "a_4" : 0.008,
    "amax" : 1.17031,
    "amin" : -0.005070000000000001,
    "bc" : false,
    "c" : 250,
    "c_bc_0" : 0.0,
    "c_bc_1" : 0.0,
    "c_ugml_bc_0" : 0.0,
    "c_ugml_bc_1" : 0.0,
    "category" : "",
    "created" : "20140918T133015",
    "description" : "",
    "df" : 1.0,
    "key" : "20140615T164007",
    "label" : "Sample15",
    "lf" : 10.0,
    "md" : false,
    "method" : "Wavescan",
    "n" : 16,
    "r" : 1.378088578088579,
    "r_bc_0" : 1.378088578088579,
    "r_bc_1" : 1.383249422926626,
    "reference" : false,
    "saved" : false,
    "u" : "ugml",
    "vd" : 0.0,
    "vdf" : 10.0,
    "vs" : 1.0,
    "w_1" : 230,
    "w_2" : 260,
    "w_3" : 280,
    "w_4" : 320,
    "wavescan_mode" : "Absorbance"
}