{
    "a230" : 0.345,
    "a260" : 0.766,
    "a260_a230" : 2.244,
    "a260_a230_bc_0" : 2.223497109826591,
    "a260_a230_bc_1" : 2.24519810571521,
    "a260_a280" : 1.385,
    "a260_a280_bc_0" : 1.380731886789068,
    "a260_a280_bc_1" : 1.384897307496917,
    "a280" : 0.555,
    "a320" : 0.006,
    "ad_1" : 0.006,
    "ad_2" : 0.046,
    "amax" : 1.23684,
    "amin" : -0.00446,
    "bc" : false,
    "c" : 251,
    "c_1_bc_0" : 38.43637500000001,
    "c_1_bc_1" : 38.21025,
    "c_1_ngul_bc_0" : 38.43637500000001,
    "c_1_ngul_bc_1" : 38.21025,
    "c_1_ugml_bc_0" : 38.43637500000001,
    "c_1_ugml_bc_1" : 38.21025,
    "c_1_ugul_bc_0" : 0.03843637500000009,
    "c_1_ugul_bc_1" : 0.03821025000000004,
    "c_2_bc_0" : 38.4665,
    "c_2_bc_1" : 38.234345,
    "c_2_ngul_bc_0" : 38.4665,
    "c_2_ngul_bc_1" : 38.234345,
    "c_2_ugml_bc_0" : 38.4665,
    "c_2_ugml_bc_1" : 38.234345,
    "c_2_ugul_bc_0" : 0.03846650000000008,
    "c_2_ugul_bc_1" : 0.03823434500000003,
    "c_bc_0" : 38.4665,
    "c_bc_1" : 38.16500000000001,
    "c_ngul_bc_0" : 38.4665,
    "c_ngul_bc_1" : 38.16500000000001,
    "c_ugml_bc_0" : 38.4665,
    "c_ugml_bc_1" : 38.16500000000001,
    "c_ugul_bc_0" : 0.03846650000000008,
    "c_ugul_bc_1" : 0.03816500000000003,
    "category" : "",
    "cd_1" : 171,
    "cd_1_bc_0" : 1.309782608695654e-07,
    "cd_1_bc_1" : -1.967391304347829e-07,
    "cd_1_mm_bc_0" : 1.309782608695654e-07,
    "cd_1_mm_bc_1" : -1.967391304347829e-07,
    "cd_1_pmolul_bc_0" : 1.309782608695654e-07,
    "cd_1_pmolul_bc_1" : -1.967391304347829e-07,
    "cd_1_uM_bc_0" : 1.309782608695654e-07,
    "cd_1_uM_bc_1" : -1.967391304347829e-07,
    "cd_1_um_bc_0" : 1.309782608695654e-07,
    "cd_1_um_bc_1" : -1.967391304347829e-07,
    "cd_2" : 69,
    "cd_2_bc_0" : 0.0,
    "cd_2_bc_1" : -7.094117647058829e-08,
    "cd_2_mm_bc_0" : 0.0,
    "cd_2_mm_bc_1" : -7.094117647058829e-08,
    "cd_2_pmolul_bc_0" : 0.0,
    "cd_2_pmolul_bc_1" : -7.094117647058829e-08,
    "cd_2_uM_bc_0" : 0.0,
    "cd_2_uM_bc_1" : -7.094117647058829e-08,
    "cd_2_um_bc_0" : 0.0,
    "cd_2_um_bc_1" : -7.094117647058829e-08,
    "created" : "20140918T133016",
    "d_1" : "AlexaFluor350",
    "d_2" : "TexasRed",
    "dc" : false,
    "description" : "",
    "df" : 1.0,
    "du" : "uM",
    "foid_1" : 1.79,
    "foid_1_dc_0_bc_0" : 0.1104921052140798,
    "foid_1_dc_0_bc_1" : -0.1672785217505229,
    "foid_1_dc_1_bc_0" : 0.1105787048132765,
    "foid_1_dc_1_bc_1" : -0.1670804242999904,
    "foid_2" : 0.61,
    "foid_2_dc_0_bc_0" : 0.0,
    "foid_2_dc_0_bc_1" : -0.06031812331902509,
    "foid_2_dc_1_bc_0" : 0.0,
    "foid_2_dc_1_bc_1" : -0.0602087253350513,
    "key" : "20140615T163035",
    "label" : "Sample5",
    "lf" : 10.0,
    "md" : false,
    "method" : "dsDNALabel",
    "n" : 6,
    "naf" : 50.0,
    "r" : 1.380731886789068,
    "r_bc_0" : 1.380731886789068,
    "r_bc_1" : 1.384897307496917,
    "reference" : false,
    "saved" : false,
    "u" : "ngul",
    "vd" : 0.0,
    "vdf" : 10.0,
    "vs" : 1.0,
    "wd_1" : 345.0,
    "wd_2" : 593.0
}