{
    "a230" : 0.3449400000000002,
    "a260" : 0.7668300000000005,
    "a260_a230" : 2.241,
    "a260_a230_bc_0" : 2.223082275178292,
    "a260_a230_bc_1" : 2.241802554894921,
    "a260_a280" : 1.385,
    "a260_a280_bc_0" : 1.382099021321847,
    "a260_a280_bc_1" : 1.385714025799175,
    "a280" : 0.5548300000000004,
    "a320" : 0.00520000000000001,
    "a_1" : 0.344,
    "a_2" : 0.764,
    "a_3" : 0.553,
    "a_4" : 0.005,
    "amax" : 1.13461,
    "amin" : -0.006900000000000001,
    "bc" : false,
    "c" : 250,
    "c_bc_0" : 0.0,
    "c_bc_1" : 0.0,
    "c_ugml_bc_0" : 0.0,
    "c_ugml_bc_1" : 0.0,
    "category" : "",
    "created" : "20140918T133014",
    "description" : "",
    "df" : 1.0,
    "key" : "20140615T164314",
    "label" : "Sample19",
    "lf" : 10.0,
    "md" : false,
    "method" : "Wavescan",
    "n" : 20,
    "r" : 1.382099021321847,
    "r_bc_0" : 1.382099021321847,
    "r_bc_1" : 1.385714025799175,
    "reference" : false,
    "saved" : false,
    "u" : "ugml",
    "vd" : 0.0,
    "vdf" : 10.0,
    "vs" : 1.0,
    "w_1" : 230,
    "w_2" : 260,
    "w_3" : 280,
    "w_4" : 320,
    "wavescan_mode" : "Absorbance"
}