{
    "a230" : 0.009760000000000017,
    "a260" : 0.003930000000000002,
    "a260_a230" : 0.4,
    "a260_a230_bc_0" : 0.4026639344262302,
    "a260_a230_bc_1" : 0.4111111111111118,
    "a260_a280" : 1.333,
    "a260_a280_bc_0" : 1.288524590163934,
    "a260_a280_bc_1" : 1.275862068965517,
    "a280" : 0.003050000000000002,
    "a320" : -0.0001400000000000001,
    "a_1" : 0.01,
    "a_2" : 0.004,
    "a_3" : 0.003,
    "a_4" : 0.0,
    "amax" : 0.02939,
    "amin" : -0.00126,
    "bc" : false,
    "c" : "---",
    "c_bc_0" : 0.0,
    "c_bc_1" : 0.0,
    "c_ugml_bc_0" : 0.0,
    "c_ugml_bc_1" : 0.0,
    "category" : "",
    "created" : "20140918T133016",
    "description" : "",
    "df" : 1.0,
    "key" : "20140615T165045",
    "label" : "Sample1",
    "lf" : 10.0,
    "md" : false,
    "method" : "Wavelength",
    "n" : 27,
    "r" : 1.288524590163934,
    "r_bc_0" : 1.288524590163934,
    "r_bc_1" : 1.275862068965517,
    "reference" : false,
    "saved" : false,
    "u" : "ugml",
    "vd" : 0.0,
    "vdf" : 10.0,
    "vs" : 1.0,
    "w_1" : 230,
    "w_2" : 260,
    "w_3" : 280,
    "w_4" : 320,
    "wavescan_mode" : "Absorbance"
}