{
    "a230" : 0.3429700000000007,
    "a260" : 0.7646000000000014,
    "a260_a230" : 2.245,
    "a260_a230_bc_0" : 2.229349505787678,
    "a260_a230_bc_1" : 2.242939685160072,
    "a260_a280" : 1.379,
    "a260_a280_bc_0" : 1.375947020820962,
    "a260_a280_bc_1" : 1.378501286371708,
    "a280" : 0.5556900000000004,
    "a320" : 0.003750000000000002,
    "a_1" : 0.342,
    "a_2" : 0.762,
    "a_3" : 0.554,
    "a_4" : 0.004,
    "amax" : 1.09166,
    "amin" : -0.007,
    "bc" : false,
    "c" : 250,
    "c_bc_0" : 0.0,
    "c_bc_1" : 0.0,
    "c_ugml_bc_0" : 0.0,
    "c_ugml_bc_1" : 0.0,
    "category" : "",
    "created" : "20140918T133015",
    "description" : "",
    "df" : 1.0,
    "key" : "20140615T164855",
    "label" : "Sample22",
    "lf" : 10.0,
    "md" : false,
    "method" : "Wavescan",
    "n" : 23,
    "r" : 1.375947020820962,
    "r_bc_0" : 1.375947020820962,
    "r_bc_1" : 1.378501286371708,
    "reference" : false,
    "saved" : false,
    "u" : "ugml",
    "vd" : 0.0,
    "vdf" : 10.0,
    "vs" : 1.0,
    "w_1" : 230,
    "w_2" : 260,
    "w_3" : 280,
    "w_4" : 320,
    "wavescan_mode" : "Absorbance"
}