{
    "a230" : 0.03713,
    "a260" : 0.01994,
    "a260_a230" : 0.5370320495556155,
    "a260_a230_bc_0" : 0.5370320495556155,
    "a260_a230_bc_1" : 0.4953024075161481,
    "a260_a280" : 1.359236537150648,
    "a260_a280_bc_0" : 1.359236537150648,
    "a260_a280_bc_1" : 1.454310344827586,
    "a280" : 0.01467,
    "a320" : 0.00307,
    "amax" : 0.08260000000000001,
    "amin" : -0.00425,
    "bc" : false,
    "c" : 0.9970000000000001,
    "c_bc_0" : 0.9970000000000001,
    "c_bc_1" : 0.8435000000000001,
    "c_ngul_bc_0" : 0.9970000000000001,
    "c_ngul_bc_1" : 0.8435000000000001,
    "c_ugml_bc_0" : 0.9970000000000001,
    "c_ugml_bc_1" : 0.8435000000000001,
    "c_ugul_bc_0" : 0.0009970000000000001,
    "c_ugul_bc_1" : 0.0008435000000000002,
    "created" : "20140918T133015",
    "description" : "",
    "df" : 1.0,
    "key" : "20140615T163531",
    "label" : "Sample10",
    "lf" : 10.0,
    "md" : false,
    "method" : "ssDNA",
    "n" : 11,
    "naf" : 50.0,
    "r" : 1.359236537150648,
    "r_bc_0" : 1.359236537150648,
    "r_bc_1" : 1.454310344827586,
    "reference" : false,
    "saved" : false,
    "u" : "ugml",
    "vd" : 0.0,
    "vdf" : 10.0,
    "vs" : 1.0
}