{
    "a230" : 0.01971,
    "a260" : 0.007240000000000001,
    "a260_a230" : 0.3673262303399289,
    "a260_a230_bc_0" : 0.3673262303399289,
    "a260_a230_bc_1" : 0.3984563434635793,
    "a260_a280" : 1.231292517006803,
    "a260_a280_bc_0" : 1.231292517006803,
    "a260_a280_bc_1" : 1.197101449275362,
    "a280" : 0.005880000000000001,
    "a320" : -0.00102,
    "a_1" : 0.02,
    "a_2" : 0.007,
    "a_3" : 0.006,
    "a_4" : -0.001,
    "amax" : 0.04626,
    "amin" : -0.004260000000000001,
    "bc" : false,
    "c" : 0.0,
    "c_bc_0" : 0.0,
    "c_bc_1" : 0.0,
    "c_ugml_bc_0" : 0.0,
    "c_ugml_bc_1" : 0.0,
    "created" : "20140918T133016",
    "description" : "",
    "df" : 1.0,
    "key" : "20140615T163829",
    "label" : "Sample13",
    "lf" : 10.0,
    "md" : false,
    "method" : "Wavescan",
    "n" : 14,
    "r" : 1.231292517006803,
    "r_bc_0" : 1.231292517006803,
    "r_bc_1" : 1.197101449275362,
    "reference" : false,
    "saved" : false,
    "u" : "ugml",
    "vd" : 0.0,
    "vdf" : 10.0,
    "vs" : 1.0,
    "w_1" : 230,
    "w_2" : 260,
    "w_3" : 280,
    "w_4" : 320,
    "wavescan_mode" : "Absorbance"
}