{
    "a230" : 0.35149,
    "a260" : 0.7657200000000001,
    "a260_a230" : 2.178497254544937,
    "a260_a230_bc_0" : 2.178497254544937,
    "a260_a230_bc_1" : 2.201990598340201,
    "a260_a280" : 1.384615384615385,
    "a260_a280_bc_0" : 1.384615384615385,
    "a260_a280_bc_1" : 1.38945344685526,
    "a280" : 0.5530200000000001,
    "a320" : 0.00687,
    "a_1" : 0.35,
    "a_2" : 0.763,
    "a_3" : 0.551,
    "a_4" : 0.007,
    "amax" : 1.24135,
    "amin" : -0.00532,
    "bc" : false,
    "c" : 0.0,
    "c_bc_0" : 0.0,
    "c_bc_1" : 0.0,
    "c_ugml_bc_0" : 0.0,
    "c_ugml_bc_1" : 0.0,
    "created" : "20140918T133016",
    "description" : "",
    "df" : 1.0,
    "key" : "20140615T163936",
    "label" : "Sample14",
    "lf" : 10.0,
    "md" : false,
    "method" : "Wavescan",
    "n" : 15,
    "r" : 1.384615384615385,
    "r_bc_0" : 1.384615384615385,
    "r_bc_1" : 1.38945344685526,
    "reference" : false,
    "saved" : false,
    "u" : "ugml",
    "vd" : 0.0,
    "vdf" : 10.0,
    "vs" : 1.0,
    "w_1" : 230,
    "w_2" : 260,
    "w_3" : 280,
    "w_4" : 320,
    "wavescan_mode" : "Absorbance"
}