{
    "a230" : 0.33557,
    "a260" : 0.7329100000000001,
    "a260_a230" : 2.184074857704801,
    "a260_a230_bc_0" : 2.184074857704801,
    "a260_a230_bc_1" : 2.225374699315364,
    "a260_a280" : 1.353981156475152,
    "a260_a280_bc_0" : 1.353981156475152,
    "a260_a280_bc_1" : 1.361535123304213,
    "a280" : 0.5413,
    "a320" : 0.01131,
    "a_1" : 0.335,
    "a_2" : 0.73,
    "a_3" : 0.539,
    "a_4" : 0.011,
    "amax" : 1.09618,
    "amin" : -0.005820000000000001,
    "bc" : false,
    "c" : 0.0,
    "c_bc_0" : 0.0,
    "c_bc_1" : 0.0,
    "c_ugml_bc_0" : 0.0,
    "c_ugml_bc_1" : 0.0,
    "created" : "20140918T133015",
    "description" : "",
    "df" : 1.0,
    "key" : "20140615T164057",
    "label" : "Sample16",
    "lf" : 10.0,
    "md" : false,
    "method" : "Wavescan",
    "n" : 17,
    "r" : 1.353981156475152,
    "r_bc_0" : 1.353981156475152,
    "r_bc_1" : 1.361535123304213,
    "reference" : false,
    "saved" : false,
    "u" : "ugml",
    "vd" : 0.0,
    "vdf" : 10.0,
    "vs" : 1.0,
    "w_1" : 230,
    "w_2" : 260,
    "w_3" : 280,
    "w_4" : 320,
    "wavescan_mode" : "Absorbance"
}