{
    "a230" : 0.62544,
    "a260" : 1.63147,
    "a260_a230" : 2.636500485486089,
    "a260_a230_bc_0" : 2.608515605014071,
    "a260_a230_bc_1" : 2.636500485486089,
    "a260_a280" : 1.912344739028949,
    "a260_a280_bc_0" : 1.900975032275806,
    "a260_a280_bc_1" : 1.912344739028949,
    "a280" : 0.858228,
    "a320" : 0.0106953,
    "amax" : 2.905613333,
    "amin" : -0.0216624,
    "bc" : true,
    "c" : 64.830988,
    "c_bc_0" : 65.25880000000001,
    "c_bc_1" : 64.830988,
    "c_ngul_bc_0" : 65.25880000000001,
    "c_ngul_bc_1" : 64.830988,
    "c_ugml_bc_0" : 65.25880000000001,
    "c_ugml_bc_1" : 64.830988,
    "c_ugul_bc_0" : 0.06525880000000001,
    "c_ugul_bc_1" : 0.06483098800000001,
    "created" : "20140918T133017",
    "description" : "",
    "df" : 1.0,
    "key" : "20140615T161214",
    "label" : "1645_RNA RNA-APP 2009-08-04 18-27-08",
    "lf" : 10.0,
    "md" : false,
    "method" : "RNA",
    "n" : 2,
    "naf" : 40.0,
    "r" : 1.912344739028949,
    "r_bc_0" : 1.900975032275806,
    "r_bc_1" : 1.912344739028949,
    "reference" : false,
    "saved" : true,
    "u" : "ngul",
    "vd" : 0.0,
    "vdf" : 10.0,
    "vs" : 1.0
}