{
    "a230" : 0.34732,
    "a260" : 0.7630100000000001,
    "a260_a230" : 2.196850166992975,
    "a260_a230_bc_0" : 2.196850166992975,
    "a260_a230_bc_1" : 2.22431007569287,
    "a260_a280" : 1.383919178728189,
    "a260_a280_bc_0" : 1.383919178728189,
    "a260_a280_bc_1" : 1.389421396375678,
    "a280" : 0.5513400000000001,
    "a320" : 0.007790000000000001,
    "amax" : 1.10081,
    "amin" : -0.00388,
    "bc" : false,
    "c" : 38.1505,
    "c_bc_0" : 38.1505,
    "c_bc_1" : 37.761,
    "c_ngul_bc_0" : 38.1505,
    "c_ngul_bc_1" : 37.761,
    "c_ugml_bc_0" : 38.1505,
    "c_ugml_bc_1" : 37.761,
    "c_ugul_bc_0" : 0.0381505,
    "c_ugul_bc_1" : 0.037761,
    "created" : "20140918T133016",
    "description" : "",
    "df" : 1.0,
    "key" : "20140615T163431",
    "label" : "Sample9",
    "lf" : 10.0,
    "md" : false,
    "method" : "dsDNA",
    "n" : 10,
    "naf" : 50.0,
    "r" : 1.383919178728189,
    "r_bc_0" : 1.383919178728189,
    "r_bc_1" : 1.389421396375678,
    "reference" : false,
    "saved" : false,
    "u" : "ugml",
    "vd" : 0.0,
    "vdf" : 10.0,
    "vs" : 1.0
}