{
    "a230" : 0.33504,
    "a260" : 0.7474900000000001,
    "a260_a230" : 2.231047039159503,
    "a260_a230_bc_0" : 2.231047039159503,
    "a260_a230_bc_1" : 2.255440903418257,
    "a260_a280" : 1.386371645306675,
    "a260_a280_bc_0" : 1.386371645306675,
    "a260_a280_bc_1" : 1.391093755866782,
    "a280" : 0.53917,
    "a320" : 0.00651,
    "ad_1" : 0.00313,
    "amax" : 1.04513,
    "amin" : -0.00338,
    "bc" : false,
    "c" : 37.3745,
    "c_1_bc_0" : 37.33537500000001,
    "c_1_bc_1" : 37.09125,
    "c_1_ngul_bc_0" : 37.33537500000001,
    "c_1_ngul_bc_1" : 37.09125,
    "c_1_ugml_bc_0" : 37.33537500000001,
    "c_1_ugml_bc_1" : 37.09125,
    "c_1_ugul_bc_0" : 0.037335375,
    "c_1_ugul_bc_1" : 0.03709125000000001,
    "c_bc_0" : 37.3745,
    "c_bc_1" : 37.04900000000001,
    "c_ngul_bc_0" : 37.3745,
    "c_ngul_bc_1" : 37.04900000000001,
    "c_ugml_bc_0" : 37.3745,
    "c_ugml_bc_1" : 37.04900000000001,
    "c_ugul_bc_0" : 0.0373745,
    "c_ugul_bc_1" : 0.03704900000000001,
    "cd_1" : 171,
    "cd_1_bc_0" : 1.701086956521739e-07,
    "cd_1_bc_1" : -1.83695652173913e-07,
    "cd_1_mm_bc_0" : 1.701086956521739e-07,
    "cd_1_mm_bc_1" : -1.83695652173913e-07,
    "cd_1_pmolul_bc_0" : 1.701086956521739e-07,
    "cd_1_pmolul_bc_1" : -1.83695652173913e-07,
    "cd_1_um_bc_0" : 1.701086956521739e-07,
    "cd_1_um_bc_1" : -1.83695652173913e-07,
    "created" : "20140918T133015",
    "d_1" : "AlexaFluor350",
    "dc" : true,
    "description" : "",
    "df" : 1.0,
    "du" : "pmolul",
    "foid_1" : 0.1478497851946858,
    "foid_1_dc_0_bc_0" : 0.1476950106065109,
    "foid_1_dc_0_bc_1" : -0.1608929772205316,
    "foid_1_dc_1_bc_0" : 0.1478497851946858,
    "foid_1_dc_1_bc_1" : -0.1607097068188178,
    "key" : "20140615T162905",
    "label" : "Sample4",
    "lf" : 10.0,
    "md" : false,
    "method" : "dsDNALabel",
    "n" : 5,
    "naf" : 50.0,
    "r" : 1.386371645306675,
    "r_bc_0" : 1.386371645306675,
    "r_bc_1" : 1.391093755866782,
    "reference" : false,
    "saved" : false,
    "u" : "ugml",
    "vd" : 0.0,
    "vdf" : 10.0,
    "vs" : 1.0,
    "wd_1" : 345.0
}