{
    "a230" : 0.34831,
    "a260" : 0.7678100000000001,
    "a260_a230" : 2.204386896729925,
    "a260_a230_bc_0" : 2.204386896729925,
    "a260_a230_bc_1" : 2.226608187134503,
    "a260_a280" : 1.376891901585252,
    "a260_a280_bc_0" : 1.376891901585252,
    "a260_a280_bc_1" : 1.381205448642374,
    "a280" : 0.55764,
    "a320" : 0.006310000000000001,
    "a_1" : 0.347,
    "a_2" : 0.765,
    "a_3" : 0.556,
    "a_4" : 0.006,
    "amax" : 1.16885,
    "amin" : -0.006790000000000001,
    "bc" : false,
    "c" : 0.0,
    "c_bc_0" : 0.0,
    "c_bc_1" : 0.0,
    "c_ugml_bc_0" : 0.0,
    "c_ugml_bc_1" : 0.0,
    "created" : "20140918T133017",
    "description" : "",
    "df" : 1.0,
    "key" : "20140615T164233",
    "label" : "Sample18",
    "lf" : 10.0,
    "md" : false,
    "method" : "Wavescan",
    "n" : 19,
    "r" : 1.376891901585252,
    "r_bc_0" : 1.376891901585252,
    "r_bc_1" : 1.381205448642374,
    "reference" : false,
    "saved" : false,
    "u" : "ugml",
    "vd" : 0.0,
    "vdf" : 10.0,
    "vs" : 1.0,
    "w_1" : 230,
    "w_2" : 260,
    "w_3" : 280,
    "w_4" : 320,
    "wavescan_mode" : "Absorbance"
}