{
    "a230" : 0.216037,
    "a260" : 0.578913,
    "a260_a230" : 2.715989941524804,
    "a260_a230_bc_0" : 2.679693756162139,
    "a260_a230_bc_1" : 2.715989941524804,
    "a260_a280" : 1.988328360176563,
    "a260_a280_bc_0" : 1.972937050782648,
    "a260_a280_bc_1" : 1.988328360176563,
    "a280" : 0.293427,
    "a320" : 0.00456956,
    "amax" : 0.9234430450000001,
    "amin" : -0.0162512,
    "bc" : true,
    "c" : 22.9737376,
    "c_bc_0" : 23.15652,
    "c_bc_1" : 22.9737376,
    "c_ngul_bc_0" : 23.15652,
    "c_ngul_bc_1" : 22.9737376,
    "c_ugml_bc_0" : 23.15652,
    "c_ugml_bc_1" : 22.9737376,
    "c_ugul_bc_0" : 0.02315652,
    "c_ugul_bc_1" : 0.0229737376,
    "created" : "20140918T133015",
    "description" : "",
    "df" : 1.0,
    "key" : "20140615T162242",
    "label" : "1645_RNA RNA-APP 2009-08-04 18-34-14",
    "lf" : 10.0,
    "md" : false,
    "method" : "RNA",
    "n" : 3,
    "naf" : 40.0,
    "r" : 1.988328360176563,
    "r_bc_0" : 1.972937050782648,
    "r_bc_1" : 1.988328360176563,
    "reference" : false,
    "saved" : true,
    "u" : "ngul",
    "vd" : 0.0,
    "vdf" : 10.0,
    "vs" : 1.0
}