{
    "a230" : 0.3601,
    "a260" : 0.77383,
    "a260_a230" : 2.148930852540961,
    "a260_a230_bc_0" : 2.148930852540961,
    "a260_a230_bc_1" : 2.171342827213273,
    "a260_a280" : 1.378123274741322,
    "a260_a280_bc_0" : 1.378123274741322,
    "a260_a280_bc_1" : 1.382820670008294,
    "a280" : 0.5615100000000001,
    "a320" : 0.00689,
    "a_1" : 0.359,
    "a_2" : 0.771,
    "a_3" : 0.5600000000000001,
    "a_4" : 0.007,
    "amax" : 1.08826,
    "amin" : -0.00642,
    "bc" : false,
    "c" : 0.0,
    "c_bc_0" : 0.0,
    "c_bc_1" : 0.0,
    "c_ugml_bc_0" : 0.0,
    "c_ugml_bc_1" : 0.0,
    "created" : "20140918T133016",
    "description" : "",
    "df" : 1.0,
    "key" : "20140615T164149",
    "label" : "Sample17",
    "lf" : 10.0,
    "md" : false,
    "method" : "Wavescan",
    "n" : 18,
    "r" : 1.378123274741322,
    "r_bc_0" : 1.378123274741322,
    "r_bc_1" : 1.382820670008294,
    "reference" : false,
    "saved" : false,
    "u" : "ugml",
    "vd" : 0.0,
    "vdf" : 10.0,
    "vs" : 1.0,
    "w_1" : 230,
    "w_2" : 260,
    "w_3" : 280,
    "w_4" : 320,
    "wavescan_mode" : "Absorbance"
}