{
    "a230" : 0.35511,
    "a260" : 0.7674700000000001,
    "a260_a230" : 2.161217650868745,
    "a260_a230_bc_0" : 2.161217650868745,
    "a260_a230_bc_1" : 2.189522875439913,
    "a260_a280" : 1.384924931427747,
    "a260_a280_bc_0" : 1.384924931427747,
    "a260_a280_bc_1" : 1.390885268732477,
    "a280" : 0.5541600000000001,
    "a320" : 0.008450000000000001,
    "amax" : 1.12385,
    "amin" : -0.00394,
    "bc" : false,
    "c" : 1.797693134862316e+308,
    "c_bc_0" : 1.797693134862316e+308,
    "c_bc_1" : 1.797693134862316e+308,
    "c_ngul_bc_0" : 1.797693134862316e+308,
    "c_ngul_bc_1" : 1.797693134862316e+308,
    "c_pmolul_bc_0" : 1.797693134862316e+308,
    "c_pmolul_bc_1" : 1.797693134862316e+308,
    "c_ugml_bc_0" : 1.797693134862316e+308,
    "c_ugml_bc_1" : 1.797693134862316e+308,
    "c_ugul_bc_0" : 1.797693134862316e+308,
    "c_ugul_bc_1" : 1.797693134862316e+308,
    "created" : "20140918T133015",
    "description" : "",
    "df" : 1.0,
    "ec" : 0.0,
    "key" : "20140615T163236",
    "label" : "Sample7",
    "lf" : 10.0,
    "md" : false,
    "method" : "miRNAsequence",
    "mw" : -61.96,
    "n" : 8,
    "naf" : 1.797693134862316e+308,
    "os" : "",
    "ot" : "dna",
    "r" : 1.384924931427747,
    "r_bc_0" : 1.384924931427747,
    "r_bc_1" : 1.390885268732477,
    "reference" : false,
    "saved" : true,
    "u" : "ugml",
    "vd" : 0.0,
    "vdf" : 10.0,
    "vs" : 1.0
}