{
    "a230" : 0.03162,
    "a260" : 0.02015,
    "a260_a230" : 0.6372549019607843,
    "a260_a230_bc_0" : 0.6372549019607843,
    "a260_a230_bc_1" : 0.6566896138880575,
    "a260_a280" : 2.874465049928673,
    "a260_a280_bc_0" : 2.874465049928673,
    "a260_a280_bc_1" : 2.493181818181818,
    "a280" : 0.007010000000000001,
    "a320" : -0.00179,
    "amax" : 0.04745000000000001,
    "amin" : -0.006280000000000001,
    "bc" : false,
    "c" : 1.797693134862316e+308,
    "c_bc_0" : 1.797693134862316e+308,
    "c_bc_1" : 1.797693134862316e+308,
    "c_ngul_bc_0" : 1.797693134862316e+308,
    "c_ngul_bc_1" : 1.797693134862316e+308,
    "c_pmolul_bc_0" : 1.797693134862316e+308,
    "c_pmolul_bc_1" : 1.797693134862316e+308,
    "c_ugml_bc_0" : 1.797693134862316e+308,
    "c_ugml_bc_1" : 1.797693134862316e+308,
    "c_ugul_bc_0" : 1.797693134862316e+308,
    "c_ugul_bc_1" : 1.797693134862316e+308,
    "created" : "20140918T133016",
    "description" : "",
    "df" : 1.0,
    "ec" : 0.0,
    "key" : "20140615T164930",
    "label" : "Sample23",
    "lf" : 10.0,
    "md" : false,
    "method" : "Oligosequence",
    "mw" : -61.96,
    "n" : 24,
    "naf" : 1.797693134862316e+308,
    "os" : "",
    "ot" : "dna",
    "r" : 2.874465049928673,
    "r_bc_0" : 2.874465049928673,
    "r_bc_1" : 2.493181818181818,
    "reference" : false,
    "saved" : false,
    "u" : "ugml",
    "vd" : 0.0,
    "vdf" : 10.0,
    "vs" : 1.0
}