{
    "a230" : 0.04477,
    "a260" : 0.02097,
    "a260_a230" : 0.4683940138485593,
    "a260_a230_bc_0" : 0.4683940138485593,
    "a260_a230_bc_1" : 0.4072229140722292,
    "a260_a280" : 1.363459037711313,
    "a260_a280_bc_0" : 1.363459037711313,
    "a260_a280_bc_1" : 1.519516728624535,
    "a280" : 0.01538,
    "a320" : 0.00462,
    "a_1" : 0.045,
    "a_2" : 0.021,
    "a_3" : 0.015,
    "a_4" : 0.005,
    "amax" : 0.09283000000000001,
    "amin" : -0.00434,
    "bc" : false,
    "c" : 0.0,
    "c_bc_0" : 0.0,
    "c_bc_1" : 0.0,
    "c_ugml_bc_0" : 0.0,
    "c_ugml_bc_1" : 0.0,
    "created" : "20140918T133017",
    "description" : "",
    "df" : 1.0,
    "key" : "20140615T163702",
    "label" : "Sample11",
    "lf" : 10.0,
    "md" : false,
    "method" : "Wavescan",
    "n" : 12,
    "r" : 1.363459037711313,
    "r_bc_0" : 1.363459037711313,
    "r_bc_1" : 1.519516728624535,
    "reference" : false,
    "saved" : false,
    "u" : "ugml",
    "vd" : 0.0,
    "vdf" : 10.0,
    "vs" : 1.0,
    "w_1" : 230,
    "w_2" : 260,
    "w_3" : 280,
    "w_4" : 320,
    "wavescan_mode" : "Absorbance"
}